{
    "step": 6,
    "acc": 0.8770491803278688,
    "loss": 0.27895413479599795,
    "training_time": 256.6350619792938,
    "val_acc": 0.8104575163398693,
    "val_loss": 0.4404953133826162
}